{
  "images": [
    {
      "idiom": "iphone",
      "size": "20x20",
      "scale": "2x",
      "filename": "Icon-20x20@2x-iphone.png"
    },
    {
      "idiom": "iphone",
      "size": "20x20",
      "scale": "3x",
      "filename": "Icon-20x20@3x-iphone.png"
    },
    {
      "idiom": "iphone",
      "size": "29x29",
      "scale": "2x",
      "filename": "Icon-29x29@2x-iphone.png"
    },
    {
      "idiom": "iphone",
      "size": "29x29",
      "scale": "3x",
      "filename": "Icon-29x29@3x-iphone.png"
    },
    {
      "idiom": "iphone",
      "size": "40x40",
      "scale": "2x",
      "filename": "Icon-40x40@2x-iphone.png"
    },
    {
      "idiom": "iphone",
      "size": "40x40",
      "scale": "3x",
      "filename": "Icon-40x40@3x-iphone.png"
    },
    {
      "idiom": "iphone",
      "size": "60x60",
      "scale": "2x",
      "filename": "Icon-60x60@2x-iphone.png"
    },
    {
      "idiom": "iphone",
      "size": "60x60",
      "scale": "3x",
      "filename": "Icon-60x60@3x-iphone.png"
    },
    {
      "idiom": "ipad",
      "size": "20x20",
      "scale": "1x",
      "filename": "Icon-20x20@1x-ipad.png"
    },
    {
      "idiom": "ipad",
      "size": "20x20",
      "scale": "2x",
      "filename": "Icon-20x20@2x-ipad.png"
    },
    {
      "idiom": "ipad",
      "size": "29x29",
      "scale": "1x",
      "filename": "Icon-29x29@1x-ipad.png"
    },
    {
      "idiom": "ipad",
      "size": "29x29",
      "scale": "2x",
      "filename": "Icon-29x29@2x-ipad.png"
    },
    {
      "idiom": "ipad",
      "size": "40x40",
      "scale": "1x",
      "filename": "Icon-40x40@1x-ipad.png"
    },
    {
      "idiom": "ipad",
      "size": "40x40",
      "scale": "2x",
      "filename": "Icon-40x40@2x-ipad.png"
    },
    {
      "idiom": "ipad",
      "size": "76x76",
      "scale": "1x",
      "filename": "Icon-76x76@1x-ipad.png"
    },
    {
      "idiom": "ipad",
      "size": "76x76",
      "scale": "2x",
      "filename": "Icon-76x76@2x-ipad.png"
    },
    {
      "idiom": "ipad",
      "size": "83.5x83.5",
      "scale": "2x",
      "filename": "Icon-83_5x83_5@2x-ipad.png"
    },
    {
      "idiom": "ios-marketing",
      "size": "1024x1024",
      "scale": "1x",
      "filename": "Icon-1024x1024@1x-ios-marketing.png"
    }
  ],
  "info": {
    "version": 1,
    "author": "xcode"
  }
}